"age","job","marital","education","default","balance","housing","loan","contact","y"
53,"admin.","married","secondary","no",0,"no","no","telephone","no"
35,"blue-collar","married","primary","no",2953,"yes","no","telephone","no"
25,"technician","married","tertiary","no",839,"yes","no","cellular","yes"
35,"technician","married","secondary","no",31,"no","no","cellular","no"
51,"technician","married","tertiary","no",0,"yes","no","unknown","no"
56,"technician","divorced","secondary","no",179,"no","no","cellular","yes"
56,"admin.","married","secondary","no",1270,"yes","no","cellular","no"
44,"technician","divorced","secondary","no",14,"no","no","cellular","yes"
32,"technician","married","tertiary","no",401,"yes","no","cellular","no"
36,"management","married","tertiary","no",287,"no","yes","cellular","no"
51,"technician","married","secondary","no",221,"yes","no","unknown","no"
55,"unknown","married","unknown","no",666,"no","no","unknown","no"
34,"unemployed","married","tertiary","no",10,"no","no","cellular","no"
28,"technician","single","secondary","no",541,"yes","no","unknown","no"
30,"management","single","tertiary","no",5074,"yes","no","cellular","no"
35,"blue-collar","single","primary","no",1284,"yes","no","telephone","no"
30,"management","married","secondary","no",0,"no","no","cellular","no"
28,"admin.","single","secondary","no",260,"yes","no","unknown","no"
55,"entrepreneur","married","primary","no",-24,"yes","no","unknown","no"
59,"blue-collar","married","secondary","no",0,"yes","no","unknown","no"
35,"technician","single","secondary","no",2,"no","no","cellular","no"
46,"technician","married","tertiary","no",0,"no","no","unknown","no"
32,"management","married","tertiary","no",4307,"yes","no","unknown","no"
51,"management","divorced","tertiary","no",482,"yes","no","unknown","no"
35,"technician","single","secondary","no",1001,"no","yes","cellular","no"
42,"services","single","secondary","no",2628,"yes","no","cellular","no"
44,"blue-collar","married","primary","no",3407,"yes","no","unknown","no"
34,"blue-collar","married","secondary","no",-257,"yes","no","cellular","no"
40,"services","married","secondary","no",473,"yes","no","cellular","yes"
35,"technician","single","tertiary","no",670,"no","no","cellular","yes"
31,"management","single","tertiary","no",123,"no","no","cellular","no"
35,"technician","married","tertiary","no",22,"no","no","cellular","no"
36,"services","married","unknown","no",618,"no","no","cellular","yes"
34,"management","single","tertiary","no",5086,"no","no","cellular","yes"
59,"retired","married","secondary","no",3,"no","no","unknown","no"
36,"management","married","tertiary","no",5057,"yes","no","cellular","no"
31,"admin.","single","secondary","no",626,"yes","no","unknown","no"
28,"services","single","primary","no",198,"no","no","cellular","yes"
24,"admin.","single","tertiary","no",454,"yes","no","cellular","no"
47,"technician","divorced","secondary","no",22,"no","no","cellular","no"
31,"management","single","tertiary","no",630,"no","no","cellular","no"
42,"management","divorced","tertiary","no",401,"yes","no","cellular","no"
33,"services","married","secondary","no",0,"yes","no","cellular","no"
25,"blue-collar","single","secondary","yes",-220,"no","no","cellular","no"
42,"blue-collar","married","secondary","no",2913,"no","no","cellular","yes"
59,"retired","divorced","primary","no",-88,"yes","no","unknown","yes"
29,"technician","married","secondary","no",7836,"yes","no","unknown","no"
60,"technician","married","primary","no",65,"yes","no","unknown","yes"
46,"blue-collar","married","primary","no",1533,"no","yes","cellular","no"
34,"blue-collar","married","secondary","no",1221,"yes","no","cellular","no"
34,"management","single","tertiary","no",6766,"no","no","cellular","no"
81,"retired","married","primary","no",243,"no","no","cellular","yes"
58,"housemaid","married","primary","no",0,"yes","no","telephone","no"
33,"blue-collar","married","primary","no",-191,"yes","yes","cellular","yes"
44,"management","married","tertiary","no",226,"yes","no","cellular","yes"
42,"management","married","unknown","no",849,"yes","no","cellular","yes"
39,"housemaid","married","primary","no",-44,"yes","no","unknown","no"
26,"entrepreneur","married","unknown","no",345,"yes","yes","cellular","no"
35,"management","single","tertiary","no",550,"yes","no","unknown","no"
32,"blue-collar","single","secondary","no",1067,"yes","no","unknown","no"
55,"technician","married","secondary","no",361,"yes","yes","cellular","no"
39,"blue-collar","married","primary","no",481,"no","no","cellular","no"
34,"technician","married","secondary","no",7487,"no","no","cellular","no"
34,"technician","divorced","secondary","no",1301,"yes","no","cellular","no"
35,"blue-collar","married","primary","no",2212,"yes","no","cellular","no"
46,"management","married","tertiary","no",1514,"no","no","cellular","no"
55,"technician","married","secondary","no",3207,"no","no","cellular","no"
46,"admin.","single","secondary","no",1693,"yes","no","cellular","yes"
45,"management","married","tertiary","no",2671,"no","no","cellular","yes"
34,"management","single","tertiary","no",2159,"no","no","unknown","yes"
53,"technician","married","tertiary","no",431,"yes","no","unknown","no"
43,"services","married","secondary","no",0,"no","no","unknown","no"
35,"blue-collar","married","secondary","no",1055,"no","no","unknown","yes"
72,"retired","married","secondary","no",951,"no","yes","cellular","yes"
31,"unemployed","married","tertiary","no",330,"no","no","cellular","yes"
35,"blue-collar","married","primary","no",147,"yes","no","cellular","no"
46,"admin.","married","secondary","no",311,"no","no","cellular","no"
33,"management","married","tertiary","no",679,"no","no","cellular","yes"
34,"services","divorced","secondary","no",-240,"yes","no","cellular","no"
24,"student","single","tertiary","no",834,"no","no","cellular","yes"
32,"admin.","married","tertiary","no",118,"no","no","unknown","no"
57,"management","married","tertiary","no",4185,"yes","no","telephone","no"
27,"student","single","secondary","no",67,"no","no","telephone","yes"
52,"technician","married","unknown","no",370,"yes","no","cellular","no"
34,"technician","married","tertiary","no",8029,"yes","no","cellular","yes"
42,"technician","divorced","secondary","no",1533,"no","yes","cellular","no"
29,"technician","single","secondary","no",0,"no","no","cellular","no"
41,"admin.","single","secondary","no",812,"no","yes","unknown","yes"
46,"admin.","married","secondary","no",0,"yes","no","cellular","no"
39,"blue-collar","married","secondary","no",679,"yes","no","unknown","no"
54,"blue-collar","married","secondary","no",254,"yes","no","unknown","no"
35,"technician","married","secondary","no",5553,"yes","no","cellular","no"
39,"technician","married","secondary","no",1965,"yes","no","unknown","no"
30,"services","married","primary","no",-286,"yes","no","unknown","no"
29,"blue-collar","single","secondary","no",908,"yes","no","unknown","yes"
32,"blue-collar","single","secondary","no",-204,"yes","yes","unknown","no"
41,"management","divorced","tertiary","no",236,"no","no","cellular","no"
55,"management","divorced","secondary","no",204,"yes","no","cellular","yes"
32,"blue-collar","married","secondary","no",10287,"yes","no","cellular","yes"
35,"blue-collar","divorced","secondary","no",3102,"yes","no","cellular","no"
52,"management","divorced","tertiary","no",907,"yes","no","unknown","no"
28,"services","single","secondary","no",217,"yes","no","cellular","no"
46,"management","married","secondary","no",1114,"no","no","cellular","no"
26,"blue-collar","single","secondary","yes",-23,"yes","no","unknown","no"
49,"unknown","married","primary","no",341,"yes","yes","unknown","yes"
32,"technician","married","secondary","no",212,"yes","no","cellular","no"
44,"unknown","married","unknown","no",1317,"no","no","telephone","no"
43,"services","married","secondary","no",43,"yes","no","cellular","no"
43,"blue-collar","married","primary","no",50,"no","no","unknown","no"
46,"admin.","single","secondary","no",1790,"yes","no","unknown","no"
40,"technician","married","secondary","no",-357,"yes","no","cellular","yes"
60,"admin.","divorced","secondary","no",-41,"yes","yes","cellular","yes"
72,"retired","single","tertiary","no",1285,"no","no","telephone","no"
32,"management","single","tertiary","no",586,"yes","no","cellular","no"
33,"blue-collar","married","secondary","no",1988,"yes","no","unknown","no"
54,"technician","married","secondary","no",473,"no","yes","cellular","yes"
34,"technician","single","secondary","no",179,"no","no","cellular","no"
52,"self-employed","married","tertiary","no",730,"yes","no","cellular","no"
38,"technician","married","secondary","no",922,"yes","yes","cellular","no"
34,"blue-collar","married","secondary","no",1430,"yes","yes","cellular","no"
39,"blue-collar","married","primary","no",2288,"yes","no","cellular","no"
27,"admin.","married","secondary","no",1293,"yes","no","cellular","yes"
52,"management","married","tertiary","no",575,"no","no","unknown","no"
44,"technician","divorced","secondary","no",0,"yes","no","cellular","no"
37,"services","single","secondary","no",1045,"no","no","cellular","yes"
69,"retired","married","secondary","no",0,"no","no","cellular","yes"
31,"services","married","secondary","no",-30,"yes","yes","cellular","no"
38,"technician","married","tertiary","no",4383,"no","no","cellular","yes"
41,"blue-collar","married","primary","no",219,"no","yes","unknown","yes"
50,"management","married","tertiary","no",3284,"yes","no","cellular","no"
39,"services","married","secondary","no",150,"no","no","unknown","no"
46,"services","married","primary","no",830,"yes","yes","cellular","no"
39,"unemployed","married","tertiary","no",1108,"yes","no","cellular","no"
35,"technician","divorced","secondary","no",5724,"yes","no","unknown","yes"
46,"management","married","tertiary","no",0,"yes","no","cellular","no"
25,"technician","single","secondary","no",1199,"no","no","cellular","yes"
41,"technician","divorced","secondary","no",75,"no","no","cellular","no"
74,"housemaid","married","unknown","no",161,"no","no","telephone","no"
28,"admin.","married","secondary","no",358,"no","no","cellular","no"
30,"technician","married","secondary","no",769,"yes","no","cellular","no"
41,"technician","single","secondary","no",5329,"no","no","cellular","yes"
47,"management","single","tertiary","no",372,"no","no","cellular","yes"
58,"retired","married","unknown","no",96,"yes","no","unknown","no"
30,"student","single","tertiary","no",0,"no","no","cellular","no"
32,"admin.","married","primary","no",1351,"yes","no","unknown","no"
30,"management","single","tertiary","no",147,"no","no","cellular","no"
52,"self-employed","married","secondary","no",371,"yes","no","telephone","no"
54,"blue-collar","married","primary","no",551,"yes","no","cellular","no"
28,"student","single","tertiary","no",80,"yes","no","unknown","no"
36,"admin.","married","secondary","no",1733,"no","yes","cellular","no"
36,"management","single","tertiary","no",811,"no","no","cellular","yes"
31,"technician","single","secondary","no",2388,"no","no","cellular","no"
43,"blue-collar","married","primary","no",3131,"yes","no","unknown","no"
34,"blue-collar","single","tertiary","no",1168,"no","no","cellular","no"
36,"management","married","tertiary","no",521,"no","yes","cellular","no"
33,"admin.","single","tertiary","no",235,"yes","no","cellular","yes"
93,"retired","married","unknown","no",775,"no","no","cellular","yes"
46,"management","married","tertiary","no",3,"no","no","cellular","no"
37,"management","married","tertiary","no",50,"no","yes","cellular","no"
49,"blue-collar","divorced","primary","no",0,"yes","no","cellular","no"
47,"management","married","secondary","no",490,"yes","no","unknown","no"
39,"management","married","tertiary","no",24,"no","no","cellular","no"
40,"admin.","married","secondary","no",220,"yes","no","unknown","no"
38,"technician","married","primary","no",-1038,"no","yes","cellular","no"
49,"admin.","married","secondary","no",209,"no","no","unknown","no"
54,"technician","married","secondary","no",10185,"no","no","cellular","yes"
29,"management","married","tertiary","no",5698,"no","no","cellular","no"
24,"blue-collar","married","secondary","no",-389,"yes","yes","unknown","yes"
34,"management","married","tertiary","no",1778,"no","no","cellular","no"
35,"entrepreneur","single","tertiary","no",145,"yes","no","cellular","yes"
55,"retired","married","secondary","no",102,"yes","no","unknown","no"
46,"management","married","unknown","no",802,"yes","no","cellular","no"
36,"management","married","tertiary","no",139,"yes","no","cellular","no"
28,"management","single","tertiary","no",223,"yes","no","cellular","yes"
32,"services","single","secondary","no",2615,"no","no","cellular","yes"
25,"admin.","single","secondary","no",1871,"no","no","cellular","yes"
46,"management","married","tertiary","no",2817,"no","no","cellular","yes"
34,"self-employed","married","secondary","no",179,"yes","yes","cellular","no"
42,"technician","married","secondary","no",9324,"no","no","cellular","no"
42,"management","married","tertiary","no",0,"yes","no","cellular","no"
35,"blue-collar","single","primary","no",3751,"no","no","unknown","no"
48,"blue-collar","married","secondary","no",205,"no","no","cellular","no"
51,"management","married","tertiary","no",8304,"no","no","cellular","no"
39,"management","married","tertiary","no",606,"no","no","cellular","no"
32,"services","married","secondary","no",414,"yes","no","cellular","no"
37,"admin.","divorced","secondary","yes",-302,"no","no","unknown","no"
56,"blue-collar","married","primary","no",1798,"yes","no","unknown","no"
76,"retired","married","primary","no",3324,"no","no","cellular","yes"
43,"blue-collar","divorced","primary","no",1260,"no","yes","unknown","no"
29,"services","single","secondary","no",1357,"no","yes","unknown","no"
36,"technician","single","secondary","no",0,"no","no","cellular","no"
37,"blue-collar","married","secondary","no",6,"yes","no","unknown","no"
56,"management","married","primary","no",1172,"no","no","unknown","no"
29,"management","single","tertiary","no",-223,"no","yes","cellular","no"
27,"admin.","single","secondary","no",914,"no","no","cellular","no"
40,"management","single","tertiary","no",383,"yes","no","unknown","no"
34,"housemaid","married","secondary","no",265,"no","no","cellular","no"
40,"blue-collar","married","secondary","no",188,"yes","yes","unknown","yes"
38,"blue-collar","married","unknown","no",5830,"no","no","unknown","no"
31,"admin.","divorced","secondary","no",1352,"yes","no","unknown","no"
44,"unemployed","married","secondary","no",1543,"no","no","cellular","no"
51,"technician","married","secondary","no",130,"no","no","cellular","no"
25,"student","single","tertiary","no",20,"no","no","cellular","no"
37,"technician","married","unknown","no",189,"no","no","cellular","yes"
28,"admin.","married","secondary","no",-156,"yes","no","unknown","no"
24,"blue-collar","single","secondary","no",630,"yes","no","cellular","no"
43,"admin.","married","secondary","no",5048,"no","no","telephone","no"
32,"services","married","secondary","no",15,"yes","no","cellular","no"
55,"admin.","married","secondary","no",131,"yes","no","unknown","no"
54,"management","married","tertiary","no",2226,"yes","no","unknown","no"
52,"blue-collar","single","secondary","no",1541,"yes","no","unknown","no"
42,"services","married","secondary","no",-246,"yes","no","unknown","no"
47,"management","single","tertiary","no",4402,"no","no","telephone","yes"
66,"retired","married","primary","no",747,"no","no","telephone","no"
31,"blue-collar","married","secondary","no",932,"yes","no","unknown","no"
44,"admin.","single","secondary","no",1534,"no","no","cellular","yes"
57,"self-employed","married","secondary","no",7747,"no","no","cellular","no"
52,"entrepreneur","married","tertiary","no",0,"no","no","unknown","no"
43,"services","married","secondary","no",-236,"yes","no","cellular","yes"
35,"unemployed","single","secondary","no",127,"yes","no","telephone","yes"
44,"management","married","tertiary","no",1383,"no","no","cellular","no"
50,"self-employed","married","secondary","no",-465,"yes","no","unknown","no"
25,"services","single","secondary","no",594,"no","no","cellular","yes"
37,"self-employed","single","tertiary","no",1004,"yes","no","unknown","no"
57,"management","married","tertiary","no",473,"no","no","cellular","yes"
30,"admin.","divorced","secondary","no",891,"no","no","cellular","no"
52,"management","married","secondary","no",173,"no","no","unknown","no"
43,"housemaid","married","primary","no",1491,"no","no","telephone","no"
45,"admin.","divorced","tertiary","no",1506,"no","no","cellular","yes"
46,"management","married","tertiary","no",273,"yes","no","cellular","yes"
38,"management","married","secondary","no",96,"yes","no","cellular","no"
35,"self-employed","married","secondary","no",188,"yes","yes","unknown","yes"
47,"blue-collar","married","secondary","no",-423,"no","no","unknown","no"
48,"unemployed","married","secondary","no",926,"no","no","cellular","yes"
31,"housemaid","single","tertiary","no",287,"yes","no","cellular","no"
39,"unemployed","married","tertiary","no",201,"no","no","cellular","yes"
55,"technician","married","tertiary","no",-466,"yes","no","cellular","yes"
37,"admin.","married","secondary","no",2320,"yes","no","cellular","no"
52,"management","married","tertiary","no",583,"no","no","cellular","yes"
41,"management","single","tertiary","no",1253,"no","no","cellular","yes"
32,"entrepreneur","single","tertiary","no",-34,"yes","no","cellular","yes"
32,"management","married","tertiary","no",1331,"no","no","cellular","yes"
33,"technician","married","tertiary","no",1699,"no","no","cellular","yes"
45,"blue-collar","married","secondary","no",431,"yes","no","unknown","no"
52,"blue-collar","married","secondary","no",7119,"no","yes","telephone","yes"
51,"blue-collar","divorced","primary","no",83,"yes","no","unknown","no"
49,"technician","divorced","secondary","no",305,"no","no","cellular","yes"
49,"admin.","divorced","secondary","no",168,"yes","yes","unknown","yes"
35,"services","married","secondary","no",341,"yes","no","cellular","yes"
36,"management","single","unknown","no",62,"no","no","cellular","yes"
34,"management","married","tertiary","no",158,"no","no","cellular","yes"
46,"entrepreneur","divorced","secondary","no",-563,"no","yes","cellular","yes"
28,"blue-collar","married","primary","no",507,"yes","no","unknown","no"
24,"student","single","tertiary","no",235,"no","no","cellular","yes"
38,"technician","married","tertiary","no",51,"no","no","telephone","no"
40,"admin.","married","secondary","no",2574,"yes","no","cellular","yes"
58,"housemaid","married","primary","no",422,"no","no","unknown","no"
50,"blue-collar","married","primary","no",2212,"yes","no","unknown","no"
33,"admin.","married","tertiary","no",79,"yes","no","cellular","yes"
41,"blue-collar","married","secondary","no",72,"yes","no","cellular","no"
34,"admin.","married","secondary","no",48,"yes","no","cellular","yes"
51,"unemployed","divorced","secondary","no",-56,"yes","no","cellular","no"
32,"management","single","tertiary","no",354,"no","no","cellular","yes"
46,"admin.","married","unknown","no",2033,"no","no","cellular","no"
26,"management","single","tertiary","no",6840,"yes","no","unknown","yes"
52,"management","married","tertiary","no",0,"no","no","cellular","no"
38,"technician","single","secondary","no",1130,"no","no","cellular","yes"
32,"management","single","tertiary","no",1836,"no","no","cellular","no"
24,"blue-collar","single","secondary","no",-287,"yes","no","cellular","no"
53,"admin.","married","secondary","no",2924,"no","no","cellular","no"
52,"blue-collar","married","primary","no",796,"no","no","cellular","no"
57,"technician","divorced","secondary","no",77,"yes","yes","cellular","no"
24,"student","single","tertiary","no",235,"no","no","cellular","yes"
35,"management","married","tertiary","no",0,"yes","no","cellular","no"
50,"technician","married","primary","no",249,"yes","no","unknown","no"
54,"management","married","tertiary","no",1464,"no","no","cellular","yes"
29,"services","divorced","secondary","no",-7,"yes","no","cellular","yes"
40,"technician","married","tertiary","no",2627,"yes","no","cellular","no"
21,"student","single","secondary","no",1746,"no","no","cellular","no"
35,"technician","divorced","tertiary","no",4515,"yes","no","cellular","no"
48,"blue-collar","married","primary","no",346,"yes","no","cellular","no"
27,"blue-collar","single","secondary","no",181,"no","no","unknown","no"
32,"admin.","married","secondary","no",51,"yes","yes","cellular","yes"
36,"management","married","tertiary","no",322,"yes","no","cellular","no"
38,"retired","married","unknown","no",304,"no","no","cellular","no"
36,"blue-collar","married","unknown","no",79,"yes","no","unknown","no"
31,"services","married","secondary","no",1801,"yes","no","telephone","no"
53,"technician","married","secondary","no",5303,"yes","no","telephone","yes"
30,"management","single","tertiary","no",119,"no","no","cellular","no"
36,"blue-collar","married","primary","no",-453,"yes","no","unknown","no"
31,"blue-collar","married","primary","no",2198,"no","no","unknown","no"
31,"blue-collar","married","secondary","no",1766,"no","yes","cellular","yes"
41,"services","divorced","tertiary","no",1583,"yes","no","cellular","yes"
34,"management","single","tertiary","no",2679,"yes","no","cellular","no"
47,"admin.","married","secondary","no",3480,"no","no","cellular","yes"
34,"admin.","married","secondary","no",1049,"yes","no","unknown","no"
31,"blue-collar","single","secondary","no",33,"yes","no","unknown","no"
43,"management","married","tertiary","no",28,"yes","no","cellular","no"
62,"housemaid","married","secondary","no",2,"no","no","cellular","yes"
25,"management","married","unknown","no",448,"no","no","cellular","yes"
28,"services","married","secondary","no",3019,"no","no","unknown","no"
57,"management","married","tertiary","no",1227,"no","no","cellular","yes"
33,"technician","divorced","secondary","no",273,"yes","no","cellular","no"
41,"admin.","divorced","secondary","no",1076,"yes","no","cellular","no"
29,"management","single","tertiary","no",502,"no","no","cellular","no"
28,"management","single","tertiary","no",874,"yes","no","cellular","yes"
35,"technician","married","secondary","no",0,"yes","yes","unknown","no"
28,"services","divorced","secondary","no",9,"yes","no","cellular","no"
39,"blue-collar","married","secondary","no",0,"yes","no","cellular","no"
54,"technician","married","tertiary","no",446,"no","no","cellular","no"
37,"technician","single","tertiary","no",6101,"no","no","cellular","yes"
37,"services","married","secondary","no",6089,"yes","no","cellular","yes"
42,"blue-collar","single","primary","no",-95,"yes","no","cellular","no"
33,"technician","single","secondary","no",1429,"yes","no","cellular","yes"
48,"management","married","tertiary","no",2266,"no","no","cellular","yes"
53,"blue-collar","married","primary","no",241,"yes","no","cellular","no"
49,"admin.","married","secondary","no",0,"no","no","cellular","yes"
27,"services","single","secondary","no",2153,"yes","no","unknown","no"
47,"management","married","secondary","no",2010,"no","no","telephone","no"
56,"admin.","divorced","secondary","no",3337,"yes","no","telephone","no"
59,"retired","divorced","tertiary","no",381,"yes","no","unknown","no"
45,"admin.","married","secondary","no",67,"no","no","cellular","no"
44,"admin.","married","secondary","no",1423,"yes","no","unknown","no"
57,"blue-collar","married","primary","no",211,"yes","no","cellular","no"
38,"admin.","married","secondary","no",981,"yes","yes","cellular","no"
30,"blue-collar","married","secondary","no",167,"yes","no","cellular","yes"
41,"technician","single","secondary","no",618,"no","no","cellular","no"
38,"self-employed","married","secondary","no",29125,"no","no","unknown","no"
40,"blue-collar","married","secondary","no",5060,"no","no","cellular","yes"
35,"management","married","unknown","no",1128,"yes","no","unknown","no"
71,"retired","single","tertiary","no",1285,"no","no","telephone","no"
52,"blue-collar","divorced","primary","no",-191,"yes","no","unknown","yes"
38,"blue-collar","married","primary","no",1852,"yes","no","cellular","yes"
39,"blue-collar","single","primary","no",1530,"yes","no","unknown","no"
53,"management","married","tertiary","no",3443,"yes","no","unknown","no"
39,"management","married","tertiary","no",-190,"no","yes","unknown","yes"
58,"retired","married","secondary","no",3648,"no","no","cellular","no"
31,"technician","single","secondary","no",846,"no","no","cellular","yes"
33,"technician","married","secondary","no",-534,"yes","yes","cellular","no"
35,"blue-collar","divorced","secondary","yes",-12,"no","yes","unknown","no"
64,"retired","divorced","primary","no",109,"no","no","cellular","yes"
42,"blue-collar","married","primary","no",1461,"yes","no","cellular","yes"
51,"unknown","single","unknown","no",0,"no","no","unknown","no"
55,"housemaid","married","primary","no",2152,"no","no","unknown","yes"
44,"management","married","primary","no",4758,"yes","no","cellular","yes"
37,"management","married","tertiary","no",1330,"yes","no","unknown","no"
33,"management","married","secondary","no",4040,"yes","no","cellular","no"
36,"blue-collar","married","primary","no",4693,"yes","no","cellular","no"
36,"management","married","tertiary","no",86,"yes","no","cellular","no"
34,"blue-collar","married","primary","no",1255,"yes","yes","unknown","no"
34,"technician","single","secondary","no",-476,"yes","no","unknown","no"
52,"blue-collar","married","tertiary","no",297,"yes","no","cellular","no"
34,"admin.","single","secondary","no",1,"yes","no","cellular","no"
49,"management","married","tertiary","no",934,"no","yes","cellular","no"
35,"management","single","tertiary","no",538,"no","no","cellular","yes"
49,"technician","married","secondary","no",307,"no","no","cellular","yes"
29,"technician","single","tertiary","no",910,"yes","no","cellular","no"
61,"retired","married","tertiary","no",3140,"yes","yes","cellular","yes"
35,"management","married","tertiary","no",646,"yes","no","cellular","no"
53,"entrepreneur","married","tertiary","no",420,"yes","no","unknown","no"
78,"retired","married","unknown","no",38,"no","no","telephone","no"
24,"technician","single","secondary","no",246,"yes","yes","cellular","no"
28,"management","single","tertiary","no",2253,"yes","no","unknown","no"
41,"blue-collar","married","primary","no",-252,"yes","no","unknown","no"
58,"admin.","married","secondary","no",0,"no","no","cellular","no"
47,"housemaid","married","tertiary","no",333,"no","no","telephone","no"
57,"technician","married","secondary","no",7554,"no","no","telephone","yes"
35,"services","married","secondary","no",1659,"yes","no","unknown","no"
32,"management","single","tertiary","no",135,"yes","yes","cellular","no"
41,"blue-collar","single","primary","no",156,"yes","no","unknown","no"
39,"blue-collar","single","secondary","no",0,"no","no","cellular","yes"
48,"blue-collar","married","secondary","no",1000,"yes","no","unknown","yes"
29,"blue-collar","married","unknown","yes",163,"yes","yes","cellular","no"
30,"self-employed","single","tertiary","no",800,"no","no","unknown","no"
76,"retired","divorced","primary","no",2693,"no","no","cellular","no"
35,"admin.","divorced","secondary","no",-101,"yes","yes","cellular","no"
27,"technician","single","secondary","no",905,"yes","yes","cellular","no"
43,"unemployed","married","tertiary","no",0,"no","no","cellular","yes"
58,"management","divorced","tertiary","no",26254,"yes","no","cellular","no"
57,"unemployed","divorced","secondary","no",3,"no","no","cellular","no"
39,"blue-collar","married","secondary","no",161,"yes","no","cellular","no"
36,"technician","married","secondary","no",594,"no","yes","cellular","no"
33,"blue-collar","single","primary","no",127,"yes","no","unknown","yes"
47,"admin.","single","tertiary","no",178,"no","no","telephone","no"
58,"blue-collar","married","secondary","no",144,"no","yes","cellular","no"
30,"blue-collar","single","secondary","no",161,"no","yes","telephone","yes"
64,"retired","married","secondary","no",1574,"no","no","telephone","yes"
53,"blue-collar","single","unknown","no",160,"yes","no","cellular","no"
38,"housemaid","divorced","secondary","no",70,"no","no","cellular","yes"
29,"technician","single","secondary","no",3466,"no","no","cellular","yes"
28,"blue-collar","married","tertiary","no",902,"yes","no","telephone","no"
25,"student","single","unknown","no",480,"no","no","cellular","yes"
33,"admin.","married","secondary","no",855,"no","no","cellular","yes"
47,"blue-collar","married","secondary","no",238,"yes","yes","cellular","yes"
35,"management","divorced","tertiary","no",1723,"yes","no","cellular","yes"
31,"management","single","tertiary","no",9506,"no","no","cellular","no"
31,"management","married","tertiary","no",1343,"yes","yes","unknown","no"
34,"management","single","tertiary","no",2455,"no","no","cellular","no"
24,"student","single","secondary","no",431,"no","no","cellular","yes"
49,"entrepreneur","married","secondary","yes",-178,"no","yes","unknown","no"
28,"management","divorced","tertiary","no",229,"yes","no","cellular","yes"
32,"technician","single","tertiary","no",696,"no","yes","cellular","no"
34,"technician","single","secondary","no",95,"no","no","cellular","no"
35,"technician","single","secondary","no",362,"yes","no","cellular","no"
41,"management","divorced","tertiary","no",3355,"no","no","cellular","no"
30,"management","married","tertiary","no",1384,"yes","no","telephone","no"
25,"entrepreneur","single","primary","no",-65,"yes","no","unknown","no"
67,"management","married","unknown","no",65,"no","no","cellular","no"
29,"student","single","secondary","no",48,"no","no","cellular","no"
60,"retired","divorced","secondary","no",1099,"no","no","cellular","yes"
45,"self-employed","married","secondary","no",830,"no","no","cellular","no"
47,"unemployed","married","secondary","no",817,"no","no","cellular","yes"
41,"blue-collar","married","secondary","no",10,"yes","no","cellular","no"
31,"management","single","tertiary","no",1858,"no","no","cellular","yes"
31,"management","married","tertiary","no",477,"yes","no","cellular","no"
33,"management","married","tertiary","no",334,"no","no","cellular","no"
24,"blue-collar","married","secondary","no",142,"yes","yes","unknown","no"
34,"management","married","tertiary","no",19391,"no","no","cellular","no"
58,"unemployed","married","secondary","no",610,"yes","no","telephone","no"
40,"management","married","tertiary","no",655,"yes","no","unknown","no"
54,"technician","married","secondary","no",0,"no","no","telephone","yes"
26,"management","single","tertiary","no",3,"yes","yes","cellular","yes"
48,"management","married","primary","no",312,"no","no","cellular","no"
30,"technician","single","secondary","no",19,"yes","no","cellular","no"
28,"blue-collar","married","secondary","no",1827,"yes","no","unknown","no"
45,"management","divorced","tertiary","no",1,"no","no","cellular","yes"
58,"management","divorced","secondary","no",10180,"no","no","cellular","yes"
40,"admin.","single","secondary","no",90,"yes","no","unknown","no"
36,"technician","married","secondary","no",2473,"no","no","cellular","yes"
27,"technician","married","secondary","no",-302,"yes","no","unknown","no"
26,"unemployed","single","tertiary","no",23494,"no","no","cellular","no"
59,"admin.","married","unknown","no",64343,"no","no","cellular","no"
36,"admin.","divorced","secondary","no",506,"yes","no","unknown","no"
40,"housemaid","divorced","secondary","no",1194,"yes","no","cellular","no"
47,"services","married","secondary","no",405,"no","yes","cellular","yes"
26,"self-employed","single","tertiary","no",25,"no","no","cellular","no"
32,"admin.","divorced","secondary","no",-273,"yes","no","cellular","no"
52,"admin.","married","secondary","no",192,"no","yes","unknown","no"
29,"technician","single","secondary","no",577,"yes","no","cellular","no"
32,"technician","married","secondary","no",-203,"yes","no","cellular","no"
34,"admin.","married","secondary","no",1551,"yes","yes","cellular","no"
53,"technician","married","secondary","no",879,"no","no","cellular","no"
57,"services","divorced","secondary","no",14,"no","yes","cellular","no"
44,"management","married","tertiary","no",756,"yes","no","cellular","no"
24,"management","single","tertiary","no",2845,"no","no","cellular","yes"
41,"management","married","tertiary","no",7028,"no","no","cellular","no"
29,"blue-collar","single","unknown","no",913,"yes","no","telephone","no"
57,"technician","married","secondary","no",295,"no","no","cellular","no"
52,"management","single","tertiary","no",597,"no","no","cellular","no"
22,"student","single","unknown","no",1232,"no","no","cellular","yes"
48,"blue-collar","married","secondary","no",1596,"yes","no","unknown","yes"
31,"technician","single","tertiary","no",948,"yes","no","unknown","no"
23,"blue-collar","married","primary","no",1158,"yes","no","cellular","no"
45,"technician","married","secondary","no",115,"yes","no","cellular","no"
51,"housemaid","married","primary","no",618,"yes","yes","cellular","no"
52,"management","married","tertiary","no",1295,"yes","no","cellular","no"
52,"blue-collar","married","secondary","no",184,"yes","no","unknown","no"
29,"technician","married","secondary","no",1180,"yes","no","cellular","yes"
47,"services","married","secondary","no",49,"yes","no","cellular","no"
46,"technician","married","secondary","no",198,"yes","no","cellular","no"
35,"management","single","tertiary","no",1599,"yes","yes","cellular","yes"
36,"management","married","tertiary","no",673,"yes","no","cellular","yes"
43,"technician","divorced","tertiary","no",1088,"no","no","cellular","no"
39,"self-employed","married","secondary","no",31,"yes","no","unknown","no"
27,"admin.","single","secondary","no",-34,"no","yes","cellular","no"
32,"management","single","tertiary","no",933,"yes","no","cellular","no"
52,"admin.","divorced","secondary","no",98,"no","yes","unknown","no"
25,"self-employed","single","tertiary","no",42,"yes","no","cellular","yes"
39,"admin.","married","secondary","no",260,"yes","no","cellular","yes"
46,"technician","single","secondary","no",401,"no","no","unknown","no"
59,"management","married","tertiary","no",1978,"yes","no","cellular","no"
46,"blue-collar","married","secondary","no",2173,"yes","no","unknown","no"
34,"management","married","tertiary","no",2032,"no","no","cellular","no"
52,"blue-collar","married","primary","no",128,"yes","no","unknown","no"
28,"admin.","single","secondary","no",6100,"no","no","unknown","no"
78,"unknown","married","unknown","no",2235,"no","no","telephone","yes"
51,"housemaid","married","primary","no",137,"no","no","cellular","no"
59,"retired","divorced","secondary","no",514,"no","no","cellular","yes"
36,"technician","single","tertiary","no",40,"no","no","cellular","no"
46,"technician","married","tertiary","no",-582,"yes","no","cellular","no"
33,"housemaid","married","primary","no",2054,"no","no","cellular","yes"
44,"technician","single","secondary","no",244,"yes","no","cellular","yes"
51,"admin.","married","secondary","no",227,"no","no","cellular","no"
53,"technician","divorced","secondary","no",1301,"yes","no","unknown","no"
37,"technician","divorced","secondary","no",566,"yes","no","cellular","no"
58,"retired","married","secondary","no",1604,"yes","no","unknown","no"
30,"management","single","tertiary","no",3340,"no","no","cellular","yes"
40,"management","single","tertiary","no",1509,"no","no","cellular","no"
50,"unemployed","married","secondary","no",1772,"no","no","cellular","no"
30,"student","single","tertiary","no",7529,"no","no","cellular","yes"
34,"management","single","unknown","no",6013,"yes","no","cellular","yes"
49,"housemaid","divorced","primary","no",198,"yes","no","unknown","no"
32,"management","married","tertiary","no",62,"yes","no","telephone","no"
44,"management","single","tertiary","no",639,"no","no","cellular","no"
40,"management","married","tertiary","no",30,"yes","no","cellular","no"
29,"admin.","single","tertiary","no",200,"yes","no","cellular","no"
45,"services","married","secondary","no",744,"yes","no","cellular","no"
55,"services","married","secondary","no",2990,"yes","no","cellular","no"
27,"blue-collar","single","secondary","no",535,"no","no","cellular","yes"
36,"services","married","secondary","no",417,"no","yes","telephone","no"
34,"services","married","secondary","no",295,"yes","yes","cellular","no"
30,"technician","married","secondary","no",289,"yes","no","cellular","yes"
37,"technician","married","secondary","no",0,"yes","no","cellular","yes"
36,"blue-collar","married","secondary","no",79,"yes","yes","cellular","no"
31,"admin.","married","secondary","no",1661,"yes","no","cellular","no"
50,"management","married","tertiary","no",161,"no","no","cellular","no"
41,"management","single","secondary","no",-277,"yes","no","cellular","no"
26,"blue-collar","single","secondary","no",26,"yes","yes","cellular","yes"
49,"services","divorced","unknown","no",313,"yes","no","cellular","no"
23,"services","single","secondary","no",488,"no","no","cellular","yes"
37,"management","married","tertiary","no",4293,"yes","no","cellular","no"
43,"services","married","secondary","no",-416,"yes","yes","cellular","no"
40,"admin.","single","secondary","no",1670,"yes","no","unknown","no"
43,"services","married","secondary","no",0,"no","no","cellular","no"
37,"admin.","single","secondary","no",16,"no","no","unknown","no"
26,"student","single","secondary","no",1346,"no","no","cellular","no"
28,"technician","single","secondary","no",1536,"yes","no","unknown","no"
26,"services","single","secondary","no",901,"yes","no","unknown","yes"
47,"blue-collar","married","secondary","no",820,"no","no","cellular","yes"
52,"self-employed","married","secondary","no",1066,"yes","no","unknown","no"
36,"technician","married","secondary","no",-78,"yes","no","cellular","no"
33,"blue-collar","married","secondary","no",1240,"yes","no","unknown","no"
37,"management","married","tertiary","no",2283,"no","no","cellular","yes"
48,"services","married","secondary","no",400,"yes","yes","cellular","no"
40,"blue-collar","single","primary","no",397,"no","no","unknown","no"
23,"technician","single","unknown","no",710,"yes","no","unknown","no"
34,"technician","single","secondary","no",85,"yes","no","unknown","yes"
44,"management","divorced","tertiary","no",0,"no","no","cellular","no"
37,"entrepreneur","married","tertiary","no",1649,"no","yes","cellular","yes"
56,"management","married","tertiary","no",424,"yes","yes","cellular","no"
27,"self-employed","single","secondary","no",923,"no","no","cellular","no"
24,"admin.","single","secondary","no",172,"no","no","cellular","no"
62,"management","married","secondary","no",4562,"yes","no","cellular","yes"
24,"student","single","tertiary","no",603,"yes","no","cellular","no"
40,"blue-collar","married","primary","no",137,"no","yes","cellular","no"
26,"services","married","secondary","no",77,"yes","no","cellular","yes"
32,"blue-collar","single","secondary","no",2093,"no","no","cellular","yes"
38,"blue-collar","divorced","secondary","no",-138,"yes","no","cellular","no"
30,"management","married","tertiary","no",314,"no","no","cellular","no"
46,"blue-collar","married","secondary","no",2603,"yes","yes","cellular","no"
44,"blue-collar","married","primary","no",103,"yes","no","cellular","no"
51,"admin.","married","secondary","no",423,"yes","yes","cellular","no"
32,"technician","married","secondary","no",1547,"no","no","cellular","yes"
48,"management","single","tertiary","no",5904,"yes","no","cellular","no"
31,"entrepreneur","single","tertiary","no",150,"yes","no","unknown","no"
31,"blue-collar","single","tertiary","no",60,"yes","yes","unknown","no"
58,"self-employed","divorced","tertiary","no",1382,"no","no","unknown","yes"
31,"admin.","married","secondary","no",62,"no","no","cellular","no"
26,"self-employed","single","tertiary","no",1078,"no","no","cellular","no"
58,"blue-collar","married","primary","no",3108,"no","yes","cellular","no"
53,"management","married","tertiary","no",15,"no","no","cellular","yes"
32,"technician","single","tertiary","no",-770,"yes","no","cellular","yes"
39,"blue-collar","single","primary","no",446,"yes","no","unknown","no"
35,"technician","married","secondary","no",222,"yes","no","cellular","no"
42,"management","divorced","secondary","no",283,"yes","no","cellular","yes"
49,"services","married","secondary","no",823,"no","no","cellular","yes"
32,"admin.","married","secondary","no",305,"yes","no","unknown","no"
56,"management","divorced","tertiary","no",0,"no","no","unknown","no"
55,"management","divorced","tertiary","no",0,"no","no","cellular","yes"
27,"technician","single","secondary","no",42,"no","no","cellular","no"
41,"technician","married","secondary","no",0,"no","no","unknown","no"
41,"technician","single","tertiary","no",-89,"yes","no","cellular","no"
32,"technician","single","secondary","no",1819,"yes","no","cellular","no"
51,"blue-collar","married","secondary","no",1414,"yes","no","unknown","no"
50,"retired","married","secondary","no",1227,"no","no","cellular","no"
39,"unknown","married","primary","no",6999,"no","no","cellular","no"
31,"entrepreneur","single","secondary","no",131,"yes","no","cellular","no"
26,"student","single","secondary","no",620,"no","no","cellular","no"
53,"services","married","secondary","no",6170,"no","no","cellular","yes"
31,"technician","single","secondary","no",775,"no","no","cellular","no"
53,"admin.","married","secondary","no",849,"yes","no","cellular","yes"
39,"admin.","married","secondary","no",260,"yes","no","cellular","no"
31,"technician","married","tertiary","no",95,"no","no","cellular","no"
53,"technician","married","secondary","no",195,"yes","no","cellular","yes"
32,"blue-collar","single","secondary","no",201,"yes","no","cellular","no"
33,"services","divorced","secondary","no",44,"no","yes","cellular","yes"
25,"student","married","tertiary","no",10,"yes","no","cellular","yes"
26,"blue-collar","single","primary","no",17,"yes","no","cellular","no"
57,"technician","divorced","secondary","no",910,"yes","no","unknown","no"
41,"management","married","tertiary","no",5,"yes","no","cellular","no"
68,"retired","married","unknown","no",3701,"no","no","telephone","no"
58,"unemployed","divorced","secondary","no",729,"no","yes","cellular","no"
41,"technician","single","secondary","no",2919,"yes","no","unknown","no"
31,"management","single","tertiary","no",37,"no","no","cellular","yes"
60,"blue-collar","married","unknown","no",2090,"yes","no","cellular","yes"
27,"entrepreneur","married","tertiary","no",79,"yes","yes","cellular","no"
45,"retired","married","secondary","no",900,"yes","no","cellular","no"
53,"management","married","tertiary","no",0,"no","no","cellular","yes"
32,"services","married","secondary","no",289,"yes","no","cellular","no"
58,"admin.","divorced","secondary","no",0,"yes","no","cellular","no"
46,"self-employed","married","primary","no",3262,"no","no","cellular","no"
32,"admin.","married","secondary","no",1604,"no","yes","cellular","yes"
33,"admin.","divorced","secondary","no",335,"yes","no","cellular","no"
45,"management","divorced","tertiary","no",2307,"no","no","cellular","no"
54,"blue-collar","married","secondary","no",-102,"yes","no","cellular","no"
24,"student","single","secondary","no",125,"no","no","cellular","yes"
37,"technician","married","tertiary","no",122,"no","no","cellular","yes"
30,"management","married","secondary","no",850,"no","no","cellular","yes"
48,"blue-collar","married","primary","no",214,"yes","yes","cellular","yes"
32,"management","single","tertiary","no",1410,"yes","no","unknown","no"
54,"entrepreneur","married","tertiary","no",1129,"no","yes","cellular","no"
74,"retired","divorced","secondary","no",4079,"no","no","cellular","yes"
61,"retired","married","secondary","no",313,"no","yes","unknown","no"
81,"retired","married","primary","no",5220,"no","no","telephone","yes"
44,"self-employed","married","primary","no",4,"no","no","cellular","no"
39,"blue-collar","married","primary","no",592,"yes","no","unknown","no"
44,"unemployed","divorced","primary","no",757,"no","no","unknown","no"
34,"technician","single","unknown","no",4223,"no","yes","cellular","no"
45,"entrepreneur","married","tertiary","no",2476,"no","no","cellular","no"
43,"blue-collar","married","secondary","no",2160,"no","no","cellular","yes"
56,"technician","single","tertiary","no",12539,"no","no","cellular","no"
40,"technician","divorced","tertiary","no",2611,"yes","no","cellular","no"
54,"management","divorced","tertiary","no",3777,"no","no","cellular","no"
60,"services","married","tertiary","no",4256,"yes","no","cellular","yes"
36,"blue-collar","single","secondary","no",641,"yes","no","cellular","no"
51,"blue-collar","married","secondary","no",4787,"yes","no","cellular","yes"
33,"technician","single","tertiary","no",255,"no","no","cellular","no"
34,"blue-collar","single","secondary","no",39,"no","no","cellular","no"
72,"retired","married","primary","no",796,"no","no","cellular","no"
32,"blue-collar","married","secondary","no",944,"no","no","cellular","no"
45,"technician","divorced","secondary","no",159,"yes","no","unknown","no"
27,"blue-collar","single","primary","no",3955,"yes","no","unknown","no"
41,"housemaid","married","primary","no",216,"no","no","cellular","no"
27,"blue-collar","single","primary","no",553,"yes","no","unknown","no"
28,"student","single","secondary","no",891,"no","no","telephone","no"
59,"services","married","secondary","no",-22,"yes","no","unknown","yes"
33,"management","single","tertiary","no",4176,"no","no","cellular","yes"
34,"management","single","primary","no",212,"no","no","unknown","no"
57,"technician","married","tertiary","no",-1,"no","no","unknown","yes"
33,"technician","married","tertiary","no",-482,"yes","no","cellular","no"
37,"management","married","tertiary","no",6771,"no","no","cellular","yes"
27,"management","single","tertiary","no",-69,"yes","no","cellular","yes"
46,"admin.","divorced","secondary","no",778,"yes","no","cellular","no"
48,"admin.","married","unknown","no",3756,"no","no","cellular","no"
31,"management","married","tertiary","no",1331,"no","no","cellular","yes"
30,"admin.","divorced","primary","no",1032,"yes","no","unknown","no"
54,"management","married","tertiary","no",1623,"no","no","cellular","no"
42,"blue-collar","married","unknown","no",132,"yes","no","unknown","no"
25,"services","single","secondary","no",-41,"no","yes","cellular","no"
30,"management","single","tertiary","no",317,"no","no","cellular","no"
43,"management","married","secondary","no",375,"yes","no","unknown","no"
32,"blue-collar","single","secondary","no",3201,"yes","no","cellular","no"
37,"management","married","tertiary","no",115,"no","no","unknown","no"
55,"technician","married","secondary","no",511,"yes","no","cellular","no"
39,"management","divorced","tertiary","no",1968,"no","no","cellular","yes"
61,"management","married","tertiary","no",175,"no","no","telephone","yes"
55,"management","married","unknown","no",1504,"yes","no","cellular","yes"
47,"services","married","secondary","no",1315,"no","no","cellular","yes"
36,"blue-collar","married","secondary","no",1088,"yes","no","cellular","no"
49,"admin.","single","secondary","no",2040,"yes","no","unknown","no"
45,"admin.","divorced","secondary","no",984,"yes","no","unknown","no"
30,"management","single","tertiary","no",30,"no","no","cellular","no"
34,"entrepreneur","married","tertiary","no",146,"yes","no","cellular","yes"
48,"technician","married","tertiary","no",443,"yes","no","cellular","no"
35,"blue-collar","married","secondary","no",-151,"yes","no","cellular","no"
34,"technician","single","secondary","no",194,"yes","yes","cellular","yes"
76,"retired","married","primary","no",1492,"no","no","telephone","yes"
36,"technician","married","secondary","no",-90,"yes","no","cellular","no"
47,"management","married","tertiary","no",414,"no","no","unknown","no"
33,"technician","married","secondary","no",946,"yes","no","unknown","no"
38,"management","married","tertiary","no",3440,"no","no","cellular","no"
26,"blue-collar","single","secondary","no",2007,"no","no","cellular","yes"
47,"admin.","married","secondary","no",1210,"no","no","cellular","yes"
35,"technician","single","tertiary","no",6763,"no","no","telephone","no"
32,"technician","single","unknown","no",491,"no","no","cellular","yes"
35,"management","single","tertiary","no",681,"no","no","cellular","yes"
56,"entrepreneur","married","secondary","no",1272,"no","no","cellular","no"
43,"blue-collar","married","primary","no",7727,"yes","no","unknown","no"
43,"management","married","tertiary","no",1258,"no","no","unknown","yes"
58,"management","divorced","tertiary","no",315,"yes","no","cellular","no"
27,"services","single","secondary","no",70,"yes","no","cellular","no"
59,"retired","married","primary","yes",-13,"no","no","cellular","no"
27,"blue-collar","single","secondary","no",3675,"no","no","unknown","no"
51,"retired","married","tertiary","no",746,"no","no","cellular","yes"
33,"technician","married","secondary","no",0,"no","no","cellular","no"
46,"admin.","single","secondary","no",849,"yes","no","unknown","yes"
33,"admin.","married","secondary","no",1737,"no","no","cellular","no"
36,"services","married","secondary","no",1746,"yes","no","cellular","no"
49,"technician","married","secondary","no",2765,"no","no","cellular","no"
36,"blue-collar","married","secondary","no",1654,"yes","yes","cellular","no"
45,"blue-collar","single","secondary","no",0,"yes","no","cellular","yes"
51,"blue-collar","married","primary","no",1194,"yes","no","unknown","no"
26,"technician","married","secondary","no",370,"no","yes","cellular","yes"
36,"services","single","secondary","no",80,"no","yes","cellular","no"
37,"management","married","tertiary","no",1094,"yes","no","cellular","no"
48,"technician","married","secondary","no",340,"yes","no","cellular","no"
27,"management","single","tertiary","no",1,"yes","no","cellular","yes"
31,"management","single","tertiary","no",2,"no","no","cellular","yes"
50,"management","divorced","tertiary","no",299,"no","no","cellular","no"
35,"blue-collar","married","tertiary","no",2999,"no","no","unknown","yes"
51,"management","single","unknown","no",-461,"yes","no","unknown","no"
31,"technician","married","tertiary","no",1197,"yes","no","unknown","no"
33,"services","married","secondary","no",5499,"yes","no","unknown","no"
60,"technician","single","secondary","no",12,"no","no","cellular","no"
45,"management","married","tertiary","no",3370,"no","no","unknown","no"
40,"self-employed","single","tertiary","no",41,"no","no","telephone","no"
43,"blue-collar","single","primary","no",0,"no","no","cellular","yes"
35,"management","single","tertiary","no",1494,"yes","no","cellular","no"
52,"technician","married","tertiary","no",1416,"yes","no","cellular","no"
35,"technician","married","secondary","no",561,"yes","no","cellular","no"
44,"technician","married","secondary","no",2776,"yes","no","cellular","yes"
29,"blue-collar","married","secondary","no",3007,"yes","no","cellular","no"
37,"blue-collar","married","primary","no",543,"yes","no","unknown","no"
51,"admin.","married","secondary","no",3736,"no","no","cellular","no"
29,"management","married","tertiary","no",85,"yes","yes","cellular","no"
19,"student","single","unknown","no",779,"no","no","cellular","yes"
55,"blue-collar","married","primary","no",728,"yes","no","cellular","no"
39,"blue-collar","married","secondary","no",261,"no","no","cellular","yes"
60,"technician","divorced","secondary","no",0,"no","no","unknown","no"
41,"blue-collar","married","primary","no",183,"yes","yes","unknown","no"
57,"unemployed","married","primary","no",0,"no","no","unknown","no"
40,"housemaid","married","secondary","no",1783,"yes","yes","cellular","no"
30,"admin.","single","tertiary","no",-396,"yes","no","unknown","no"
28,"management","single","tertiary","no",390,"no","no","cellular","yes"
29,"blue-collar","married","primary","no",10045,"yes","no","cellular","no"
49,"management","single","tertiary","no",2555,"no","yes","cellular","no"
32,"technician","single","tertiary","no",4665,"yes","no","unknown","yes"
24,"admin.","single","secondary","no",1052,"no","no","cellular","yes"
36,"management","married","tertiary","no",27359,"yes","no","unknown","no"
27,"services","married","secondary","no",94,"yes","no","unknown","no"
38,"entrepreneur","married","tertiary","no",170,"yes","no","cellular","yes"
34,"technician","single","secondary","no",1076,"no","no","cellular","no"
41,"entrepreneur","married","tertiary","no",1065,"yes","yes","unknown","no"
33,"blue-collar","single","tertiary","no",700,"no","no","cellular","yes"
50,"management","married","tertiary","no",2809,"yes","no","cellular","no"
51,"housemaid","single","primary","no",723,"no","no","cellular","no"
54,"technician","married","secondary","no",899,"no","yes","cellular","no"
36,"technician","married","tertiary","no",376,"no","no","cellular","yes"
34,"unknown","married","unknown","no",164,"no","no","cellular","no"
44,"admin.","divorced","secondary","no",4842,"no","no","cellular","no"
56,"unemployed","divorced","primary","no",1770,"no","no","cellular","no"
60,"retired","divorced","secondary","no",514,"no","no","cellular","yes"
56,"management","married","tertiary","no",665,"no","no","cellular","no"
34,"technician","divorced","secondary","no",558,"no","no","cellular","no"
35,"management","single","tertiary","no",68,"no","no","unknown","yes"
30,"management","single","tertiary","no",5561,"yes","no","cellular","yes"
50,"management","divorced","tertiary","no",3211,"yes","no","cellular","no"
55,"blue-collar","divorced","unknown","no",103,"yes","no","cellular","no"
35,"blue-collar","married","primary","no",11,"yes","no","unknown","no"
46,"blue-collar","married","secondary","no",870,"no","yes","cellular","no"
27,"management","single","tertiary","no",377,"no","no","cellular","no"
44,"retired","married","primary","no",779,"yes","no","unknown","no"
46,"unemployed","married","tertiary","no",0,"yes","no","cellular","no"
39,"blue-collar","married","secondary","no",804,"yes","no","unknown","no"
63,"management","married","tertiary","no",2785,"no","no","cellular","yes"
33,"admin.","single","secondary","no",1248,"no","no","cellular","no"
46,"management","married","secondary","no",4105,"yes","no","cellular","no"
48,"technician","divorced","secondary","no",145,"yes","no","cellular","no"
60,"retired","divorced","secondary","no",4243,"no","no","cellular","yes"
47,"retired","married","primary","no",-468,"no","yes","unknown","no"
25,"unemployed","married","secondary","no",1404,"yes","no","cellular","no"
28,"management","single","tertiary","no",4013,"yes","no","unknown","no"
26,"blue-collar","single","secondary","no",1,"yes","no","cellular","no"
47,"admin.","married","secondary","no",411,"yes","no","cellular","no"
49,"blue-collar","married","secondary","no",3677,"yes","no","cellular","no"
59,"retired","married","primary","no",0,"no","no","unknown","no"
39,"blue-collar","married","secondary","no",1554,"yes","no","unknown","no"
28,"blue-collar","married","primary","no",5542,"yes","no","cellular","no"
26,"student","single","unknown","no",19,"no","no","telephone","no"
31,"admin.","single","secondary","no",0,"yes","no","cellular","yes"
49,"blue-collar","married","secondary","no",2039,"yes","no","cellular","no"
27,"management","single","secondary","no",589,"no","no","cellular","no"
51,"housemaid","married","unknown","no",2337,"yes","no","cellular","yes"
33,"management","married","tertiary","no",349,"yes","yes","cellular","no"
33,"admin.","divorced","secondary","no",294,"yes","no","cellular","yes"
43,"technician","married","secondary","no",78,"yes","no","unknown","no"
46,"blue-collar","single","tertiary","no",283,"no","no","cellular","yes"
21,"blue-collar","married","primary","yes",-426,"no","no","unknown","no"
31,"entrepreneur","married","tertiary","no",5156,"yes","no","cellular","no"
68,"retired","single","unknown","no",518,"no","no","cellular","no"
53,"technician","divorced","secondary","no",28,"no","no","cellular","no"
83,"retired","divorced","primary","no",46,"no","no","cellular","yes"
59,"technician","married","secondary","no",4322,"no","no","unknown","no"
49,"blue-collar","single","primary","yes",-2604,"yes","no","cellular","no"
53,"management","married","tertiary","no",0,"yes","yes","cellular","no"
29,"blue-collar","married","secondary","no",1661,"yes","no","unknown","no"
36,"admin.","married","secondary","no",953,"yes","no","cellular","no"
46,"technician","married","secondary","no",332,"yes","no","unknown","yes"
41,"management","married","tertiary","no",27696,"no","no","cellular","no"
43,"self-employed","married","secondary","no",5564,"no","no","cellular","no"
37,"blue-collar","married","secondary","no",190,"yes","no","unknown","no"
26,"management","married","tertiary","no",877,"yes","no","cellular","no"
35,"blue-collar","married","primary","no",2708,"yes","no","unknown","no"
33,"services","married","secondary","no",478,"no","no","cellular","yes"
35,"management","single","tertiary","no",671,"yes","no","cellular","yes"
46,"admin.","divorced","tertiary","no",846,"yes","no","unknown","no"
42,"technician","divorced","secondary","no",611,"yes","no","cellular","no"
52,"management","married","tertiary","no",1701,"yes","yes","cellular","no"
48,"services","single","primary","no",1499,"yes","no","cellular","no"
26,"housemaid","married","secondary","no",-759,"yes","no","cellular","no"
44,"blue-collar","divorced","primary","yes",-119,"yes","no","unknown","no"
43,"blue-collar","married","secondary","no",413,"yes","no","cellular","yes"
30,"services","married","secondary","no",-108,"yes","no","unknown","no"
44,"technician","divorced","secondary","no",0,"yes","no","cellular","no"
59,"retired","divorced","secondary","no",5583,"yes","no","cellular","yes"
50,"blue-collar","married","primary","no",3764,"no","no","telephone","yes"
49,"blue-collar","single","primary","no",566,"yes","no","cellular","yes"
26,"services","single","secondary","no",1347,"no","no","telephone","yes"
35,"housemaid","married","primary","no",0,"no","no","cellular","no"
33,"management","married","tertiary","no",2599,"no","no","cellular","yes"
28,"management","single","tertiary","no",1808,"no","no","cellular","yes"
32,"technician","single","secondary","no",17,"no","no","cellular","no"
26,"blue-collar","single","secondary","no",199,"yes","yes","unknown","no"
62,"management","married","tertiary","no",1859,"no","no","telephone","yes"
27,"unknown","single","secondary","no",1187,"no","no","telephone","yes"
50,"services","divorced","secondary","no",145,"yes","no","unknown","no"
29,"management","single","tertiary","no",307,"yes","no","cellular","yes"
34,"technician","single","secondary","no",1279,"yes","no","cellular","yes"
40,"admin.","married","secondary","no",-253,"yes","no","cellular","no"
38,"management","single","tertiary","no",623,"no","no","cellular","yes"
29,"student","single","secondary","no",1124,"no","no","unknown","no"
35,"technician","married","secondary","no",1546,"yes","no","cellular","no"
33,"unemployed","single","secondary","no",2066,"no","yes","cellular","yes"
60,"management","married","tertiary","no",5041,"no","no","telephone","yes"
43,"admin.","married","primary","no",392,"yes","yes","cellular","no"
37,"unemployed","married","secondary","no",117,"no","no","cellular","no"
27,"blue-collar","single","primary","no",1659,"no","yes","cellular","no"
32,"management","single","tertiary","no",312,"no","no","cellular","no"
25,"management","single","tertiary","no",530,"no","no","cellular","no"
22,"student","single","primary","no",423,"no","no","cellular","yes"
51,"self-employed","married","tertiary","no",2235,"no","no","cellular","no"
55,"admin.","single","secondary","yes",986,"no","yes","cellular","no"
45,"admin.","married","secondary","no",434,"no","no","cellular","no"
55,"services","married","tertiary","no",606,"no","yes","cellular","no"
32,"management","divorced","tertiary","no",1,"yes","no","unknown","no"
28,"admin.","single","secondary","no",-7,"no","yes","unknown","yes"
34,"management","married","tertiary","no",3301,"yes","no","cellular","yes"
38,"housemaid","single","secondary","no",465,"yes","no","cellular","yes"
29,"admin.","married","secondary","no",1489,"yes","no","cellular","no"
58,"blue-collar","married","secondary","no",72,"no","no","cellular","no"
38,"admin.","married","primary","no",1487,"no","no","unknown","no"
35,"management","single","tertiary","no",331,"no","no","cellular","yes"
57,"management","married","tertiary","no",215,"no","yes","cellular","no"
37,"technician","married","unknown","no",189,"no","no","cellular","yes"
58,"management","married","secondary","no",2155,"no","yes","cellular","yes"
57,"admin.","single","secondary","no",5768,"yes","no","unknown","yes"
40,"management","divorced","tertiary","no",823,"no","no","cellular","no"
60,"management","married","tertiary","no",13546,"no","no","cellular","yes"
49,"blue-collar","married","secondary","no",1039,"yes","no","cellular","no"
64,"management","married","tertiary","no",5112,"no","no","telephone","yes"
45,"admin.","married","secondary","no",231,"yes","no","unknown","no"
23,"blue-collar","married","secondary","no",94,"yes","no","unknown","no"
59,"management","married","tertiary","no",261,"yes","yes","cellular","no"
60,"retired","married","unknown","no",1396,"no","yes","cellular","no"
26,"blue-collar","single","secondary","no",6,"no","yes","telephone","no"
29,"technician","married","tertiary","no",975,"no","no","unknown","no"
33,"technician","single","secondary","no",66,"no","no","cellular","yes"
54,"management","divorced","tertiary","no",92,"no","yes","telephone","no"
32,"technician","married","secondary","no",253,"yes","no","unknown","no"
33,"blue-collar","married","primary","no",261,"yes","no","cellular","no"
58,"blue-collar","married","secondary","no",1075,"yes","no","cellular","no"
56,"management","married","primary","no",0,"no","no","cellular","yes"
33,"management","divorced","tertiary","no",2240,"no","no","cellular","yes"
49,"management","divorced","tertiary","no",100,"yes","yes","cellular","no"
30,"management","single","tertiary","no",67,"no","no","cellular","no"
29,"management","single","tertiary","yes",-1661,"no","yes","cellular","no"
41,"blue-collar","divorced","primary","no",1887,"no","no","unknown","no"
32,"technician","single","secondary","no",1210,"yes","yes","unknown","no"
36,"admin.","divorced","secondary","no",0,"yes","no","unknown","no"
46,"self-employed","divorced","tertiary","no",21,"no","no","cellular","yes"
50,"services","married","secondary","no",60,"no","yes","cellular","no"
62,"self-employed","divorced","tertiary","no",6,"yes","no","cellular","yes"
43,"blue-collar","married","primary","no",-181,"yes","no","cellular","no"
27,"management","single","secondary","no",178,"yes","no","unknown","yes"
49,"management","married","tertiary","no",5887,"no","no","cellular","yes"
60,"retired","married","secondary","yes",15,"no","no","unknown","no"
46,"blue-collar","married","primary","no",5393,"yes","no","cellular","no"
56,"technician","divorced","tertiary","no",1593,"yes","no","cellular","no"
30,"blue-collar","single","secondary","no",8950,"yes","no","cellular","no"
24,"unemployed","single","secondary","no",572,"no","no","cellular","no"
54,"technician","married","secondary","no",230,"no","yes","cellular","no"
47,"technician","married","secondary","no",201,"yes","no","unknown","no"
41,"management","single","secondary","no",800,"no","no","cellular","no"
51,"housemaid","divorced","primary","no",94,"yes","no","cellular","no"
47,"retired","married","primary","no",490,"yes","no","unknown","no"
26,"admin.","single","secondary","no",681,"yes","no","cellular","no"
27,"admin.","divorced","secondary","no",2,"no","yes","unknown","no"
44,"management","single","secondary","no",13,"no","no","unknown","no"
42,"management","married","tertiary","no",3713,"no","no","cellular","yes"
34,"admin.","married","secondary","no",147,"yes","yes","cellular","no"
40,"services","married","secondary","no",-192,"yes","no","cellular","yes"
36,"technician","married","tertiary","no",4932,"yes","no","cellular","no"
43,"management","married","tertiary","no",5523,"no","no","unknown","no"
49,"management","married","tertiary","no",1105,"yes","no","cellular","no"
71,"technician","married","secondary","no",3020,"no","no","telephone","yes"
39,"management","married","secondary","no",18,"yes","no","unknown","no"
42,"management","divorced","unknown","no",7702,"no","no","cellular","yes"
31,"management","single","tertiary","no",5205,"no","no","cellular","yes"
57,"retired","single","tertiary","no",842,"no","no","cellular","yes"
39,"technician","divorced","tertiary","no",113,"yes","yes","cellular","no"
40,"management","married","tertiary","no",0,"yes","no","cellular","yes"
51,"technician","single","tertiary","no",318,"no","no","cellular","no"
49,"self-employed","married","secondary","no",-199,"yes","yes","cellular","no"
29,"services","single","secondary","no",-565,"yes","no","unknown","no"
49,"admin.","married","secondary","no",197,"yes","no","cellular","yes"
35,"admin.","single","secondary","no",-133,"yes","no","cellular","no"
35,"blue-collar","married","primary","no",422,"yes","no","cellular","no"
51,"unknown","married","unknown","no",1585,"no","no","telephone","no"
52,"services","divorced","primary","no",432,"yes","yes","cellular","no"
56,"blue-collar","married","secondary","no",771,"yes","yes","unknown","no"
23,"technician","single","tertiary","no",1129,"yes","no","unknown","yes"
53,"management","divorced","tertiary","no",195,"yes","no","unknown","no"
45,"housemaid","married","primary","yes",0,"no","yes","unknown","no"
37,"services","single","secondary","no",1950,"yes","no","unknown","no"
50,"technician","divorced","secondary","no",1591,"no","no","cellular","no"
36,"management","divorced","tertiary","no",-252,"yes","no","cellular","no"
56,"management","divorced","tertiary","no",10532,"no","no","cellular","yes"
43,"admin.","single","secondary","no",-247,"yes","yes","cellular","yes"
43,"blue-collar","married","primary","no",1147,"yes","yes","unknown","no"
45,"unemployed","married","secondary","no",2040,"no","no","telephone","yes"
52,"self-employed","single","secondary","no",207,"no","yes","cellular","no"
45,"management","married","tertiary","no",753,"yes","no","cellular","no"
38,"blue-collar","married","secondary","no",99,"no","no","telephone","no"
36,"admin.","single","secondary","no",506,"yes","no","cellular","no"
58,"management","married","tertiary","no",1384,"yes","no","cellular","yes"
52,"technician","married","tertiary","no",2557,"no","no","cellular","yes"
39,"management","married","tertiary","no",1070,"yes","yes","cellular","no"
48,"services","married","secondary","no",2739,"no","no","telephone","no"
39,"blue-collar","single","primary","no",0,"yes","yes","cellular","yes"
46,"blue-collar","married","primary","no",588,"yes","no","cellular","no"
55,"technician","married","secondary","no",0,"yes","yes","cellular","no"
28,"admin.","single","secondary","no",4745,"no","no","telephone","yes"
34,"housemaid","divorced","secondary","no",787,"yes","no","cellular","no"
56,"services","married","secondary","no",705,"yes","no","unknown","no"
51,"admin.","divorced","secondary","no",21,"no","no","cellular","no"
28,"self-employed","single","secondary","no",5679,"yes","no","cellular","yes"
45,"services","married","primary","no",323,"no","no","cellular","no"
40,"unemployed","married","secondary","no",488,"yes","no","cellular","no"
74,"retired","married","primary","no",0,"no","no","telephone","yes"
34,"blue-collar","married","primary","no",905,"yes","no","unknown","no"
48,"blue-collar","married","secondary","no",893,"no","no","cellular","no"
38,"management","married","tertiary","no",14190,"yes","no","cellular","no"
26,"technician","single","secondary","no",237,"yes","no","cellular","yes"
32,"technician","single","tertiary","no",1094,"yes","no","cellular","no"
37,"blue-collar","married","primary","no",461,"yes","no","unknown","no"
26,"student","single","secondary","no",502,"yes","no","telephone","no"
37,"admin.","single","secondary","no",597,"yes","no","cellular","no"
37,"blue-collar","single","secondary","no",180,"yes","no","cellular","no"
58,"management","single","unknown","no",127,"yes","no","unknown","no"
36,"technician","married","secondary","no",24,"yes","no","cellular","no"
38,"blue-collar","married","secondary","no",789,"yes","no","cellular","no"
51,"blue-collar","married","secondary","no",193,"no","no","cellular","no"
49,"services","single","secondary","no",6882,"yes","no","cellular","no"
43,"technician","divorced","secondary","no",353,"yes","no","unknown","no"
24,"management","single","tertiary","no",393,"no","no","cellular","yes"
56,"blue-collar","married","primary","no",351,"yes","no","telephone","no"
37,"services","single","secondary","no",278,"yes","no","unknown","yes"
34,"services","married","secondary","no",334,"yes","no","cellular","no"
39,"technician","married","secondary","no",0,"yes","no","unknown","no"
41,"technician","married","secondary","no",1190,"no","no","cellular","no"
79,"retired","married","secondary","no",909,"no","no","cellular","no"
26,"admin.","single","secondary","no",8,"no","no","cellular","no"
33,"management","married","tertiary","no",685,"no","no","cellular","no"
35,"management","married","tertiary","no",323,"no","no","cellular","yes"
32,"admin.","single","secondary","no",375,"yes","no","cellular","no"
49,"technician","married","tertiary","no",1071,"no","no","cellular","yes"
30,"blue-collar","married","secondary","no",378,"yes","no","cellular","yes"
43,"management","married","tertiary","no",240,"yes","no","cellular","yes"
40,"blue-collar","divorced","primary","no",54,"yes","no","cellular","no"
44,"management","married","secondary","no",2897,"no","no","cellular","no"
40,"self-employed","married","tertiary","no",252,"yes","no","cellular","no"
36,"technician","divorced","tertiary","no",466,"no","no","cellular","no"
37,"technician","married","tertiary","no",127,"yes","no","cellular","yes"
46,"admin.","divorced","tertiary","no",3749,"yes","no","unknown","no"
33,"technician","single","tertiary","no",119,"no","yes","cellular","no"
46,"blue-collar","married","secondary","no",922,"yes","no","telephone","yes"
50,"technician","divorced","secondary","no",380,"yes","no","cellular","no"
54,"blue-collar","divorced","secondary","no",0,"yes","yes","unknown","no"
59,"retired","married","secondary","no",0,"no","no","cellular","no"
62,"unemployed","married","secondary","no",780,"no","no","cellular","yes"
36,"management","married","tertiary","no",51,"yes","no","cellular","no"
35,"technician","married","secondary","no",0,"yes","no","cellular","no"
33,"blue-collar","married","secondary","no",64,"no","no","unknown","no"
37,"services","married","secondary","no",0,"yes","no","cellular","no"
36,"blue-collar","married","secondary","no",937,"yes","no","telephone","no"
24,"self-employed","single","tertiary","no",2376,"no","no","cellular","yes"
56,"management","married","tertiary","no",1407,"no","no","cellular","no"
34,"admin.","divorced","secondary","no",2144,"yes","no","unknown","no"
53,"admin.","divorced","secondary","no",-112,"no","no","unknown","no"
36,"blue-collar","married","secondary","no",-870,"yes","no","unknown","no"
55,"unemployed","married","tertiary","no",5345,"no","no","unknown","no"
28,"services","single","tertiary","no",128,"no","no","cellular","yes"
54,"management","married","secondary","no",1660,"no","no","cellular","no"
35,"management","single","tertiary","no",397,"yes","no","cellular","yes"
36,"self-employed","married","tertiary","no",107,"yes","no","unknown","no"
58,"blue-collar","married","secondary","no",0,"no","yes","cellular","no"
42,"blue-collar","married","primary","no",-404,"yes","yes","cellular","no"
39,"technician","married","tertiary","no",94,"yes","yes","unknown","yes"
27,"blue-collar","married","secondary","no",77,"yes","no","cellular","no"
31,"management","single","tertiary","no",682,"yes","no","unknown","no"
40,"blue-collar","married","secondary","no",-60,"yes","no","cellular","no"
45,"entrepreneur","married","secondary","no",107,"no","no","cellular","no"
37,"blue-collar","married","unknown","no",1795,"yes","no","unknown","no"
39,"blue-collar","married","primary","no",519,"yes","yes","unknown","no"
47,"blue-collar","married","primary","no",-169,"yes","yes","cellular","no"
33,"blue-collar","married","tertiary","no",22,"yes","no","unknown","no"
45,"management","divorced","secondary","no",0,"yes","no","cellular","no"
50,"management","married","primary","no",0,"no","no","unknown","no"
33,"technician","single","secondary","no",181,"yes","no","cellular","no"
59,"blue-collar","married","primary","no",616,"no","no","cellular","no"
44,"blue-collar","married","primary","no",612,"yes","yes","cellular","no"
35,"services","married","secondary","no",211,"yes","no","cellular","no"
56,"blue-collar","married","primary","no",3498,"no","no","cellular","yes"
41,"blue-collar","married","secondary","no",440,"yes","no","cellular","no"
46,"management","divorced","tertiary","no",624,"no","no","cellular","yes"
36,"blue-collar","single","secondary","no",1392,"yes","no","unknown","no"
37,"services","married","secondary","no",1970,"yes","no","telephone","yes"
66,"retired","married","tertiary","no",1948,"no","no","cellular","yes"
36,"blue-collar","divorced","secondary","no",221,"yes","no","unknown","no"
32,"blue-collar","married","primary","no",415,"yes","no","unknown","yes"
28,"self-employed","single","tertiary","no",270,"yes","no","cellular","no"
39,"admin.","married","secondary","no",1757,"no","no","telephone","yes"
45,"management","married","tertiary","no",4119,"yes","yes","telephone","yes"
49,"technician","married","unknown","no",1355,"yes","no","unknown","no"
42,"management","married","tertiary","no",0,"yes","no","unknown","no"
38,"unknown","single","tertiary","no",0,"no","no","cellular","yes"
27,"blue-collar","married","secondary","no",61,"yes","no","unknown","yes"
42,"entrepreneur","married","tertiary","no",1068,"yes","no","cellular","no"
41,"blue-collar","married","secondary","no",2689,"yes","no","cellular","yes"
59,"technician","married","secondary","no",0,"no","no","unknown","no"
33,"management","divorced","tertiary","no",802,"no","no","cellular","no"
36,"management","divorced","tertiary","no",133,"yes","no","unknown","no"
27,"blue-collar","single","secondary","no",3792,"no","no","cellular","yes"
31,"self-employed","married","tertiary","no",5,"yes","yes","cellular","yes"
79,"retired","married","secondary","no",8304,"no","no","telephone","yes"
46,"blue-collar","married","secondary","no",0,"no","no","cellular","no"
36,"admin.","single","secondary","no",135,"yes","no","cellular","no"
32,"management","married","tertiary","no",2458,"yes","no","cellular","no"
32,"services","single","secondary","no",486,"no","no","cellular","yes"
44,"management","married","tertiary","no",-1636,"yes","yes","cellular","no"
34,"entrepreneur","married","secondary","no",4659,"yes","no","unknown","no"
